{
    "noticias": [
      {
        "titulo": "Nuevo lanzamiento de muffins gourmet",
        "contenido": "Nuestra tienda ha lanzado una nueva línea de muffins gourmet con ingredientes exquisitos.",
        "fecha": "2024-10-10"
      },
      {
        "titulo": "Promociones especiales de Halloween",
        "contenido": "Aprovecha nuestras promociones especiales de muffins por Halloween.",
        "fecha": "2024-10-25"
      },
      {
        "titulo": "Muffins saludables",
        "contenido": "Ahora ofrecemos una opción de muffins saludables hechos con ingredientes orgánicos.",
        "fecha": "2024-11-01"
      }
    ]
}